{"tresh\\notsmoking_0006.jpg": 0.05246565863490105, "tresh\\notsmoking_0017.jpg": 0.006702618673443794, "tresh\\notsmoking_0024.jpg": 0.002667912282049656, "tresh\\smoking_0001.jpg": 0.7710093259811401, "tresh\\smoking_0002.jpg": 0.7446022033691406, "tresh\\smoking_0003.jpg": 0.7445012927055359}