{"../images/notsmoking_0006.jpg": 0.05246570333838463, "../images/smoking-pic-test.jpg": 0.8150863647460938, "../images/smoking_0001.jpg": 0.7710094451904297, "../images/test.jpg": 0.01815195195376873}